{
    "name": "root",
    "gauges": {
        "Perseguidor.Policy.Entropy.mean": {
            "value": 1.4154661893844604,
            "min": 1.4154661893844604,
            "max": 1.4189382791519165,
            "count": 6
        },
        "Perseguidor.Policy.Entropy.sum": {
            "value": 1415.4661865234375,
            "min": 1415.4661865234375,
            "max": 1418.938232421875,
            "count": 6
        },
        "Perseguidor.Step.mean": {
            "value": 5992.0,
            "min": 992.0,
            "max": 5992.0,
            "count": 6
        },
        "Perseguidor.Step.sum": {
            "value": 5992.0,
            "min": 992.0,
            "max": 5992.0,
            "count": 6
        },
        "Perseguidor.Policy.ExtrinsicValueEstimate.mean": {
            "value": 1.2357933521270752,
            "min": 1.0828078985214233,
            "max": 2.0954933166503906,
            "count": 6
        },
        "Perseguidor.Policy.ExtrinsicValueEstimate.sum": {
            "value": 24.715866088867188,
            "min": 21.656158447265625,
            "max": 41.90986633300781,
            "count": 6
        },
        "Perseguidor.Environment.EpisodeLength.mean": {
            "value": 199.0,
            "min": 199.0,
            "max": 199.0,
            "count": 6
        },
        "Perseguidor.Environment.EpisodeLength.sum": {
            "value": 995.0,
            "min": 995.0,
            "max": 995.0,
            "count": 6
        },
        "Perseguidor.Environment.CumulativeReward.mean": {
            "value": -1.0000000707805157,
            "min": -1.0000000707805157,
            "max": -1.0000000707805157,
            "count": 6
        },
        "Perseguidor.Environment.CumulativeReward.sum": {
            "value": -5.000000353902578,
            "min": -5.000000353902578,
            "max": -4.000000283122063,
            "count": 6
        },
        "Perseguidor.Policy.ExtrinsicReward.mean": {
            "value": -1.0000000707805157,
            "min": -1.0000000707805157,
            "max": -1.0000000707805157,
            "count": 6
        },
        "Perseguidor.Policy.ExtrinsicReward.sum": {
            "value": -5.000000353902578,
            "min": -5.000000353902578,
            "max": -4.000000283122063,
            "count": 6
        },
        "Perseguidor.IsTraining.mean": {
            "value": 1.0,
            "min": 1.0,
            "max": 1.0,
            "count": 6
        },
        "Perseguidor.IsTraining.sum": {
            "value": 1.0,
            "min": 1.0,
            "max": 1.0,
            "count": 6
        },
        "Perseguidor.Losses.PolicyLoss.mean": {
            "value": 0.09968723489631277,
            "min": 0.09318072214955464,
            "max": 0.09968723489631277,
            "count": 2
        },
        "Perseguidor.Losses.PolicyLoss.sum": {
            "value": 0.09968723489631277,
            "min": 0.09318072214955464,
            "max": 0.09968723489631277,
            "count": 2
        },
        "Perseguidor.Losses.ValueLoss.mean": {
            "value": 0.012770589547775065,
            "min": 0.012770589547775065,
            "max": 0.05032034400695314,
            "count": 2
        },
        "Perseguidor.Losses.ValueLoss.sum": {
            "value": 0.012770589547775065,
            "min": 0.012770589547775065,
            "max": 0.05032034400695314,
            "count": 2
        },
        "Perseguidor.Policy.LearningRate.mean": {
            "value": 0.0002975232008256,
            "min": 0.0002975232008256,
            "max": 0.00029876160041279997,
            "count": 2
        },
        "Perseguidor.Policy.LearningRate.sum": {
            "value": 0.0002975232008256,
            "min": 0.0002975232008256,
            "max": 0.00029876160041279997,
            "count": 2
        },
        "Perseguidor.Policy.Epsilon.mean": {
            "value": 0.1991744,
            "min": 0.1991744,
            "max": 0.19958720000000005,
            "count": 2
        },
        "Perseguidor.Policy.Epsilon.sum": {
            "value": 0.1991744,
            "min": 0.1991744,
            "max": 0.19958720000000005,
            "count": 2
        },
        "Perseguidor.Policy.Beta.mean": {
            "value": 0.00495880256,
            "min": 0.00495880256,
            "max": 0.004979401280000001,
            "count": 2
        },
        "Perseguidor.Policy.Beta.sum": {
            "value": 0.00495880256,
            "min": 0.00495880256,
            "max": 0.004979401280000001,
            "count": 2
        }
    },
    "metadata": {
        "timer_format_version": "0.1.0",
        "start_time_seconds": "1776246368",
        "python_version": "3.10.12 (main, Aug 16 2023, 05:39:07) [GCC 12.2.0]",
        "command_line_arguments": "/usr/local/bin/mlagents-learn /workspace/simple.yaml --run-id=prova16",
        "mlagents_version": "1.1.0",
        "mlagents_envs_version": "1.1.0",
        "communication_protocol_version": "1.5.0",
        "pytorch_version": "2.2.2+cu121",
        "numpy_version": "1.23.5",
        "end_time_seconds": "1776246617"
    },
    "total": 249.67559296200125,
    "count": 1,
    "self": 0.003946069000448915,
    "children": {
        "run_training.setup": {
            "total": 0.01759409000078449,
            "count": 1,
            "self": 0.01759409000078449
        },
        "TrainerController.start_learning": {
            "total": 249.654052803,
            "count": 1,
            "self": 0.08250659804616589,
            "children": {
                "TrainerController._reset_env": {
                    "total": 9.065327418999004,
                    "count": 1,
                    "self": 9.065327418999004
                },
                "TrainerController.advance": {
                    "total": 240.4426317229554,
                    "count": 6461,
                    "self": 0.07949203708085406,
                    "children": {
                        "env_step": {
                            "total": 238.45053696995456,
                            "count": 6461,
                            "self": 233.74455406894413,
                            "children": {
                                "SubprocessEnvManager._take_step": {
                                    "total": 4.653963810027562,
                                    "count": 6461,
                                    "self": 0.22834799509655568,
                                    "children": {
                                        "TorchPolicy.evaluate": {
                                            "total": 4.425615814931007,
                                            "count": 6461,
                                            "self": 4.425615814931007
                                        }
                                    }
                                },
                                "workers": {
                                    "total": 0.052019090982867056,
                                    "count": 6460,
                                    "self": 0.0,
                                    "children": {
                                        "worker_root": {
                                            "total": 189.3377837580647,
                                            "count": 6460,
                                            "is_parallel": true,
                                            "self": 19.76511483606191,
                                            "children": {
                                                "run_training.setup": {
                                                    "total": 0.0,
                                                    "count": 0,
                                                    "is_parallel": true,
                                                    "self": 0.0,