{
    "name": "root",
    "gauges": {
        "Perseguidor.Policy.Entropy.mean": {
            "value": 1.4189382791519165,
            "min": 1.4189382791519165,
            "max": 1.4189382791519165,
            "count": 2
        },
        "Perseguidor.Policy.Entropy.sum": {
            "value": 1452.9927978515625,
            "min": 1452.9927978515625,
            "max": 1452.9927978515625,
            "count": 2
        },
        "Perseguidor.Step.mean": {
            "value": 1984.0,
            "min": 960.0,
            "max": 1984.0,
            "count": 2
        },
        "Perseguidor.Step.sum": {
            "value": 1984.0,
            "min": 960.0,
            "max": 1984.0,
            "count": 2
        },
        "Perseguidor.Policy.ExtrinsicValueEstimate.mean": {
            "value": -1.0290170907974243,
            "min": -1.0290170907974243,
            "max": -0.46679675579071045,
            "count": 2
        },
        "Perseguidor.Policy.ExtrinsicValueEstimate.sum": {
            "value": -16.46427345275879,
            "min": -16.46427345275879,
            "max": -7.001951217651367,
            "count": 2
        },
        "Perseguidor.IsTraining.mean": {
            "value": 1.0,
            "min": 1.0,
            "max": 1.0,
            "count": 2
        },
        "Perseguidor.IsTraining.sum": {
            "value": 1.0,
            "min": 1.0,
            "max": 1.0,
            "count": 2
        }
    },
    "metadata": {
        "timer_format_version": "0.1.0",
        "start_time_seconds": "1776160843",
        "python_version": "3.10.12 (main, Aug 16 2023, 05:39:07) [GCC 12.2.0]",
        "command_line_arguments": "/usr/local/bin/mlagents-learn /workspace/simple.yaml --run-id=prova3",
        "mlagents_version": "1.1.0",
        "mlagents_envs_version": "1.1.0",
        "communication_protocol_version": "1.5.0",
        "pytorch_version": "2.2.2+cu121",
        "numpy_version": "1.23.5",
        "end_time_seconds": "1776160971"
    },
    "total": 127.40905614300027,
    "count": 1,
    "self": 0.004109432000404922,
    "children": {
        "run_training.setup": {
            "total": 0.016132263999679708,
            "count": 1,
            "self": 0.016132263999679708
        },
        "TrainerController.start_learning": {
            "total": 127.38881444700019,
            "count": 1,
            "self": 0.03910321099101566,
            "children": {
                "TrainerController._reset_env": {
                    "total": 27.153419807998944,
                    "count": 1,
                    "self": 27.153419807998944
                },
                "TrainerController.advance": {
                    "total": 100.13241328800905,
                    "count": 2704,
                    "self": 0.03537172401047428,
                    "children": {
                        "env_step": {
                            "total": 99.34231717595685,
                            "count": 2704,
                            "self": 94.88107245896572,
                            "children": {
                                "SubprocessEnvManager._take_step": {
                                    "total": 4.436852620034188,
                                    "count": 2704,
                                    "self": 0.101874834012051,
                                    "children": {
                                        "TorchPolicy.evaluate": {
                                            "total": 4.334977786022137,
                                            "count": 2704,
                                            "self": 4.334977786022137
                                        }
                                    }
                                },
                                "workers": {
                                    "total": 0.024392096956944442,
                                    "count": 2703,
                                    "self": 0.0,
                                    "children": {
                                        "worker_root": {
                                            "total": 66.98860502995376,
                                            "count": 2703,
                                            "is_parallel": true,
                                            "self": 35.08710268788127,
                                            "children": {
                                                "run_training.setup": {
                                                    "total": 0.0,
                                                    "count": 0,
                                                    "is_parallel": true,
                                                    "self": 0.0,
                                                    "children": {
                                                        "steps_from_proto": {
                                                            "total": 0.00044456400064518675,
                                                            "count": 1,
                                                            "is_parallel": true,
                                                            "self": 0.00011679800081765279,
                                                            "children": {
                                                                "_process_rank_one_or_two_observation": {
                                                                    "total": 0.00032776599982753396,
                                                                    "count": 2,
                                                                    "is_parallel": true,
                                                                    "self": 0.00032776599982753396
                                                                }
                                                            }
                                                        },
                                                        "UnityEnvironment.step": {
                                                            "total": 0.01946521600075357,
                                                            "count": 1,
                                                            "is_parallel": true,
                                                            "self": 7.330900007218588e-05,
                                                            "children": {
                                                                "UnityEnvironment._generate_step_input": {
                                                                    "total": 9.169300028588623e-05,
                                                                    "count": 1,
                                                                    "is_parallel": true,
                                                                    "self": 9.169300028588623e-05
                                                                },
                                                                "communicator.exchange": {
                                                                    "total": 0.019101640000371845,
                                                                    "count": 1,
                                                                    "is_parallel": true,
                                                                    "self": 0.019101640000371845
                                                                },
                                                                "steps_from_proto": {
                                                                    "total": 0.00019857400002365466,
                                                                    "count": 1,
                                                                    "is_parallel": true,
                                                                    "self": 7.619999996677507e-05,