{
    "name": "root",
    "gauges": {
        "Perseguidor.Policy.Entropy.mean": {
            "value": 1.4309844970703125,
            "min": 1.4055341482162476,
            "max": 1.4309844970703125,
            "count": 43
        },
        "Perseguidor.Policy.Entropy.sum": {
            "value": 1479.637939453125,
            "min": 1366.17919921875,
            "max": 1479.637939453125,
            "count": 43
        },
        "Perseguidor.Step.mean": {
            "value": 42973.0,
            "min": 992.0,
            "max": 42973.0,
            "count": 43
        },
        "Perseguidor.Step.sum": {
            "value": 42973.0,
            "min": 992.0,
            "max": 42973.0,
            "count": 43
        },
        "Perseguidor.Policy.ExtrinsicValueEstimate.mean": {
            "value": 0.8319732546806335,
            "min": 0.5665155649185181,
            "max": 1.430079460144043,
            "count": 43
        },
        "Perseguidor.Policy.ExtrinsicValueEstimate.sum": {
            "value": 18.30341148376465,
            "min": 11.330310821533203,
            "max": 31.461748123168945,
            "count": 43
        },
        "Perseguidor.Environment.EpisodeLength.mean": {
            "value": 146.71428571428572,
            "min": 105.11111111111111,
            "max": 199.0,
            "count": 43
        },
        "Perseguidor.Environment.EpisodeLength.sum": {
            "value": 1027.0,
            "min": 821.0,
            "max": 1155.0,
            "count": 43
        },
        "Perseguidor.Environment.CumulativeReward.mean": {
            "value": -0.44971434080174993,
            "min": -1.0000000707805157,
            "max": 0.02766663705309232,
            "count": 43
        },
        "Perseguidor.Environment.CumulativeReward.sum": {
            "value": -3.1480003856122494,
            "min": -5.000000353902578,
            "max": 0.2489997334778309,
            "count": 43
        },
        "Perseguidor.Policy.ExtrinsicReward.mean": {
            "value": -0.44971434080174993,
            "min": -1.0000000707805157,
            "max": 0.02766663705309232,
            "count": 43
        },
        "Perseguidor.Policy.ExtrinsicReward.sum": {
            "value": -3.1480003856122494,
            "min": -5.000000353902578,
            "max": 0.2489997334778309,
            "count": 43
        },
        "Perseguidor.IsTraining.mean": {
            "value": 1.0,
            "min": 1.0,
            "max": 1.0,
            "count": 43
        },
        "Perseguidor.IsTraining.sum": {
            "value": 1.0,
            "min": 1.0,
            "max": 1.0,
            "count": 43
        },
        "Perseguidor.Losses.PolicyLoss.mean": {
            "value": 0.08912886879018818,
            "min": 0.08618821789180704,
            "max": 0.11062418301298749,
            "count": 20
        },
        "Perseguidor.Losses.PolicyLoss.sum": {
            "value": 0.08912886879018818,
            "min": 0.08618821789180704,
            "max": 0.11062418301298749,
            "count": 20
        },
        "Perseguidor.Losses.ValueLoss.mean": {
            "value": 0.005818964719461898,
            "min": 0.003971127754387756,
            "max": 0.01328567672559681,
            "count": 20
        },
        "Perseguidor.Losses.ValueLoss.sum": {
            "value": 0.005818964719461898,
            "min": 0.003971127754387756,
            "max": 0.01328567672559681,
            "count": 20
        },
        "Perseguidor.Policy.LearningRate.mean": {
            "value": 0.0002751198082934,
            "min": 0.0002751198082934,
            "max": 0.00029874660041779997,
            "count": 20
        },
        "Perseguidor.Policy.LearningRate.sum": {
            "value": 0.0002751198082934,
            "min": 0.0002751198082934,
            "max": 0.00029874660041779997,
            "count": 20
        },
        "Perseguidor.Policy.Epsilon.mean": {
            "value": 0.19170660000000003,
            "min": 0.19170660000000003,
            "max": 0.19958220000000002,
            "count": 20
        },
        "Perseguidor.Policy.Epsilon.sum": {
            "value": 0.19170660000000003,
            "min": 0.19170660000000003,
            "max": 0.19958220000000002,
            "count": 20
        },
        "Perseguidor.Policy.Beta.mean": {
            "value": 0.004586159340000001,
            "min": 0.004586159340000001,
            "max": 0.004979151779999999,
            "count": 20
        },
        "Perseguidor.Policy.Beta.sum": {
            "value": 0.004586159340000001,
            "min": 0.004586159340000001,
            "max": 0.004979151779999999,
            "count": 20
        }
    },
    "metadata": {
        "timer_format_version": "0.1.0",
        "start_time_seconds": "1776233959",
        "python_version": "3.10.12 (main, Aug 16 2023, 05:39:07) [GCC 12.2.0]",
        "command_line_arguments": "/usr/local/bin/mlagents-learn /workspace/simple.yaml --run-id=prova9",
        "mlagents_version": "1.1.0",
        "mlagents_envs_version": "1.1.0",
        "communication_protocol_version": "1.5.0",
        "pytorch_version": "2.2.2+cu121",
        "numpy_version": "1.23.5",
        "end_time_seconds": "1776234362"
    },
    "total": 402.88282137300007,
    "count": 1,
    "self": 0.004096782000146959,
    "children": {
        "run_training.setup": {
            "total": 0.016858721999938098,
            "count": 1,
            "self": 0.016858721999938098
        },
        "TrainerController.start_learning": {
            "total": 402.861865869,
            "count": 1,
            "self": 0.5692732659977082,
            "children": {
                "TrainerController._reset_env": {
                    "total": 12.695957630999942,
                    "count": 1,
                    "self": 12.695957630999942
                },
                "TrainerController.advance": {
                    "total": 389.56001578000235,
                    "count": 43961,
                    "self": 0.5437900389531478,
                    "children": {
                        "env_step": {
                            "total": 376.3834843390215,
                            "count": 43961,
                            "self": 353.6509626260214,
                            "children": {
                                "SubprocessEnvManager._take_step": {
                                    "total": 22.364143651010977,
                                    "count": 43961,
                                    "self": 1.5624476760218613,
                                    "children": {
                                        "TorchPolicy.evaluate": {
                                            "total": 20.801695974989116,
                                            "count": 43757,
                                            "self": 20.801695974989116
                                        }
                                    }
                                },
                                "workers": {
                                    "total": 0.3683780619891195,
                                    "count": 43960,
                                    "self": 0.0,
                                    "children": {
                                        "worker_root": {
                                            "total": 399.1304988819892,
                                            "count": 43960,
                                            "is_parallel": true,
                                            "self": 73.52252402597355,
                                            "children": {
                                                "run_training.setup": {
                                                    "total": 0.0,
                                                    "count": 0,
                                                    "is_parallel": true,