{
    "name": "root",
    "gauges": {
        "Perseguidor.Policy.Entropy.mean": {
            "value": 1.4740581512451172,
            "min": 1.363961935043335,
            "max": 1.4744681119918823,
            "count": 216
        },
        "Perseguidor.Policy.Entropy.sum": {
            "value": 1477.0062255859375,
            "min": 1301.291015625,
            "max": 1486.75048828125,
            "count": 216
        },
        "Perseguidor.Step.mean": {
            "value": 215999.0,
            "min": 966.0,
            "max": 215999.0,
            "count": 216
        },
        "Perseguidor.Step.sum": {
            "value": 215999.0,
            "min": 966.0,
            "max": 215999.0,
            "count": 216
        },
        "Perseguidor.Policy.ExtrinsicValueEstimate.mean": {
            "value": 0.9680240154266357,
            "min": -0.6605899333953857,
            "max": 0.9814958572387695,
            "count": 216
        },
        "Perseguidor.Policy.ExtrinsicValueEstimate.sum": {
            "value": 101.64252471923828,
            "min": -13.87238883972168,
            "max": 110.08940124511719,
            "count": 216
        },
        "Perseguidor.Environment.EpisodeLength.mean": {
            "value": 8.542857142857143,
            "min": 7.629310344827586,
            "max": 184.4,
            "count": 216
        },
        "Perseguidor.Environment.EpisodeLength.sum": {
            "value": 897.0,
            "min": 810.0,
            "max": 1192.0,
            "count": 216
        },
        "Perseguidor.Environment.CumulativeReward.mean": {
            "value": 1.0,
            "min": 0.2,
            "max": 1.0,
            "count": 216
        },
        "Perseguidor.Environment.CumulativeReward.sum": {
            "value": 105.0,
            "min": 1.0,
            "max": 116.0,
            "count": 216
        },
        "Perseguidor.Policy.ExtrinsicReward.mean": {
            "value": 1.0,
            "min": 0.2,
            "max": 1.0,
            "count": 216
        },
        "Perseguidor.Policy.ExtrinsicReward.sum": {
            "value": 105.0,
            "min": 1.0,
            "max": 116.0,
            "count": 216
        },
        "Perseguidor.IsTraining.mean": {
            "value": 1.0,
            "min": 1.0,
            "max": 1.0,
            "count": 216
        },
        "Perseguidor.IsTraining.sum": {
            "value": 1.0,
            "min": 1.0,
            "max": 1.0,
            "count": 216
        },
        "Perseguidor.Losses.PolicyLoss.mean": {
            "value": 0.10188609853988358,
            "min": 0.07936944434186444,
            "max": 0.12112946010893211,
            "count": 104
        },
        "Perseguidor.Losses.PolicyLoss.sum": {
            "value": 0.10188609853988358,
            "min": 0.07936944434186444,
            "max": 0.12112946010893211,
            "count": 104
        },
        "Perseguidor.Losses.ValueLoss.mean": {
            "value": 0.00036237541538260604,
            "min": 0.00014062437351943421,
            "max": 0.04592907717839504,
            "count": 104
        },
        "Perseguidor.Losses.ValueLoss.sum": {
            "value": 0.00036237541538260604,
            "min": 0.00014062437351943421,
            "max": 0.04592907717839504,
            "count": 104
        },
        "Perseguidor.Policy.LearningRate.mean": {
            "value": 0.0001715988428004,
            "min": 0.0001715988428004,
            "max": 0.00029874900041699994,
            "count": 104
        },
        "Perseguidor.Policy.LearningRate.sum": {
            "value": 0.0001715988428004,
            "min": 0.0001715988428004,
            "max": 0.00029874900041699994,
            "count": 104
        },
        "Perseguidor.Policy.Epsilon.mean": {
            "value": 0.1571996,
            "min": 0.1571996,
            "max": 0.19958300000000004,
            "count": 104
        },
        "Perseguidor.Policy.Epsilon.sum": {
            "value": 0.1571996,
            "min": 0.1571996,
            "max": 0.19958300000000004,
            "count": 104
        },
        "Perseguidor.Policy.Beta.mean": {
            "value": 0.0028642600400000003,
            "min": 0.0028642600400000003,
            "max": 0.004979191699999999,
            "count": 104
        },
        "Perseguidor.Policy.Beta.sum": {
            "value": 0.0028642600400000003,
            "min": 0.0028642600400000003,
            "max": 0.004979191699999999,
            "count": 104
        }
    },
    "metadata": {
        "timer_format_version": "0.1.0",
        "start_time_seconds": "1776240583",
        "python_version": "3.10.12 (main, Aug 16 2023, 05:39:07) [GCC 12.2.0]",
        "command_line_arguments": "/usr/local/bin/mlagents-learn /workspace/simple.yaml --run-id=prova14",
        "mlagents_version": "1.1.0",
        "mlagents_envs_version": "1.1.0",
        "communication_protocol_version": "1.5.0",
        "pytorch_version": "2.2.2+cu121",
        "numpy_version": "1.23.5",
        "end_time_seconds": "1776242621"
    },
    "total": 2038.1524161460002,
    "count": 1,
    "self": 0.003943352000533196,
    "children": {
        "run_training.setup": {
            "total": 0.016826555999614357,
            "count": 1,
            "self": 0.016826555999614357
        },
        "TrainerController.start_learning": {
            "total": 2038.131646238,
            "count": 1,
            "self": 3.0190792036273706,
            "children": {
                "TrainerController._reset_env": {
                    "total": 6.462289829999463,
                    "count": 1,
                    "self": 6.462289829999463
                },
                "TrainerController.advance": {
                    "total": 2028.6141887823742,
                    "count": 231292,
                    "self": 2.8825123216538486,
                    "children": {
                        "env_step": {
                            "total": 1951.7718122430315,
                            "count": 231292,
                            "self": 1845.4629330830066,
                            "children": {
                                "SubprocessEnvManager._take_step": {
                                    "total": 104.33480162012165,
                                    "count": 231292,
                                    "self": 7.6499178232916165,
                                    "children": {
                                        "TorchPolicy.evaluate": {
                                            "total": 96.68488379683004,
                                            "count": 216307,
                                            "self": 96.68488379683004
                                        }
                                    }
                                },
                                "workers": {
                                    "total": 1.9740775399031918,
                                    "count": 231291,
                                    "self": 0.0,
                                    "children": {
                                        "worker_root": {
                                            "total": 2031.4897835976535,
                                            "count": 231291,
                                            "is_parallel": true,
                                            "self": 315.47063558434274,
                                            "children": {
                                                "run_training.setup": {
                                                    "total": 0.0,
                                                    "count": 0,
                                                    "is_parallel": true,
                                                    "self": 0.0,